{"count":1,"self":390.62115839999996,"total":2051.6236940999997,"children":{"AgentSendState":{"count":208584,"self":31.3014944,"total":586.04707,"children":{"CollectObservations":{"count":500604,"self":6.9852111999999993,"total":6.9852111999999993,"children":null},"CollectDiscreteActionMasks":{"count":500604,"self":2.0932939999999998,"total":2.0932939,"children":null},"AgentInfo.ToProto":{"count":500604,"self":11.923229599999999,"total":545.6670702,"children":{"GenerateSensorData":{"count":500604,"self":533.7438208,"total":533.7438407,"children":null}}}}},"DecideAction":{"count":208584,"self":1048.6464512,"total":1048.6464260999999,"children":null},"AgentAct":{"count":208584,"self":14.820988799999999,"total":17.400063,"children":{"AgentInfo.ToProto":{"count":2318,"self":0.0571172,"total":2.5790735,"children":{"GenerateSensorData":{"count":2318,"self":2.5219564,"total":2.5219563,"children":null}}}}},"AgentInfo.ToProto":{"count":6408,"self":0.25870519999999997,"total":8.9009650999999987,"children":{"GenerateSensorData":{"count":6408,"self":8.64226,"total":8.6422598999999991,"children":null}}}},"gauges":{"BallBehavior.CumulativeReward":{"count":8726,"max":10.1801147,"min":-7.78006029,"runningAverage":2.577001,"value":7.00004244,"weightedAverage":5.21285248}},"metadata":{"timer_format_version":"0.1.0","start_time_seconds":"1594735441","unity_version":"2019.4.1f1","command_line_arguments":"C:\\Program Files\\Unity\\Hub\\Editor\\2019.4.1f1\\Editor\\Unity.exe -projectpath C:\/Users\/kamiyama\/Desktop\/ml-agents-ex1 -useHub -hubIPC -cloudEnvironment production -hubSessionId 81456850-c4ac-11ea-829d-23bf9cd41fbb -accessToken 02ZpjlI5JRFZuXgaAk0TKbgfAO9JpfpRGnHxxxB5XXw00ef","communication_protocol_version":"1.0.0","com.unity.ml-agents_version":"1.0.3","scene_name":"SampleScene","end_time_seconds":"1594737492"}}