{"count":1,"self":49.068044799999996,"total":57.711813799999995,"children":{"AgentSendState":{"count":2603,"self":0.22196069999999998,"total":0.3168278,"children":{"CollectObservations":{"count":6252,"self":0.070897099999999991,"total":0.070897099999999991,"children":null},"CollectDiscreteActionMasks":{"count":6252,"self":0.023969999999999998,"total":0.023969999999999998,"children":null}}},"DecideAction":{"count":2603,"self":7.6354327999999994,"total":7.6354324999999994,"children":null},"AgentAct":{"count":2603,"self":0.69063679999999994,"total":0.69063679999999994,"children":null}},"gauges":{"BallBehavior.CumulativeReward":{"count":282,"max":26.2000256,"min":0.2000002,"runningAverage":11.9712744,"value":10.9000006,"weightedAverage":13.4052429}},"metadata":{"timer_format_version":"0.1.0","start_time_seconds":"1594702492","unity_version":"2019.4.1f1","command_line_arguments":"C:\\Program Files\\Unity\\Hub\\Editor\\2019.4.1f1\\Editor\\Unity.exe -projectpath C:\/Users\/kamiyama\/Desktop\/ml-agents-ex1 -useHub -hubIPC -cloudEnvironment production -hubSessionId 81456850-c4ac-11ea-829d-23bf9cd41fbb -accessToken x4SSlXwjgho2yH5wiM47855VAZ-mvJ5fEOFCg_3Jm7k00ef","communication_protocol_version":"1.0.0","com.unity.ml-agents_version":"1.0.3","scene_name":"SampleScene","end_time_seconds":"1594702549"}}