{"count":1,"self":154.382912,"total":621.897291,"children":{"AgentSendState":{"count":137817,"self":11.060927999999999,"total":20.6586231,"children":{"CollectObservations":{"count":330768,"self":1.9742126,"total":1.9742126,"children":null},"CollectDiscreteActionMasks":{"count":330768,"self":0.95268809999999993,"total":0.95268809999999993,"children":null},"AgentInfo.ToProto":{"count":330768,"self":3.3585908,"total":6.6707942,"children":{"GenerateSensorData":{"count":330768,"self":3.3122032,"total":3.3122032999999997,"children":null}}}}},"DecideAction":{"count":137817,"self":439.31786239999997,"total":439.3178519,"children":null},"AgentAct":{"count":137817,"self":7.2762704,"total":7.3400910999999995,"children":{"AgentInfo.ToProto":{"count":1354,"self":0.025991499999999997,"total":0.0638203,"children":{"GenerateSensorData":{"count":1354,"self":0.037828799999999996,"total":0.037828799999999996,"children":null}}}}},"AgentInfo.ToProto":{"count":4242,"self":0.105878,"total":0.1948104,"children":{"GenerateSensorData":{"count":4242,"self":0.0889324,"total":0.0889324,"children":null}}}},"gauges":{"BallBehavior.CumulativeReward":{"count":5596,"max":13.2801857,"min":-7.64008,"runningAverage":3.63505244,"value":6.44002962,"weightedAverage":6.24414873}},"metadata":{"timer_format_version":"0.1.0","start_time_seconds":"1594774455","unity_version":"2019.4.1f1","command_line_arguments":"C:\\Program Files\\Unity\\Hub\\Editor\\2019.4.1f1\\Editor\\Unity.exe -projectpath C:\/Users\/kamiyama\/Desktop\/ml-ex1 -useHub -hubIPC -cloudEnvironment production -hubSessionId 684d3950-c631-11ea-8fe3-65883f695eb6 -accessToken OpCTm0GMlodKFH5nI_usKC3yTp9H63ehXVO3V7fhinU00ef","communication_protocol_version":"1.0.0","com.unity.ml-agents_version":"1.0.3","scene_name":"SampleScene","end_time_seconds":"1594775077"}}